{"cameraMode":{"drawMode":0,"name":"Shaded","section":"Shading Mode"},"sceneLighting":true,"audioPlay":false,"sceneViewState":{"showFog":true,"showMaterialUpdate":false,"showSkybox":true,"showFlares":true,"showImageEffects":true,"showParticleSystems":true},"in2DMode":false,"pivot":{"x":-6.055479526519775,"y":-2.472179412841797,"z":3.8790557384490969},"rotation":{"x":-0.13235965371131898,"y":0.5641592144966126,"z":-0.09275129437446594,"w":-0.8098872900009155},"size":23.56850242614746,"orthographic":false}