{"cameraMode":{"drawMode":0,"name":"Shaded","section":"Shading Mode"},"sceneLighting":false,"audioPlay":false,"sceneViewState":{"showFog":true,"showMaterialUpdate":false,"showSkybox":true,"showFlares":true,"showImageEffects":true,"showParticleSystems":true},"in2DMode":false,"pivot":{"x":11.101799011230469,"y":3.2319560050964357,"z":-6.083600997924805},"rotation":{"x":0.07498657703399658,"y":-0.8411413431167603,"z":0.12097697705030441,"w":0.5218611359596252},"size":4.0791096687316898,"orthographic":false}